<beans xmlns="http://www.springframework.org/schema/beans"
	xmlns:xsi="http://www.w3.org/2001/XMLSchema-instance" xmlns:tx="http://www.springframework.org/schema/tx"
	xmlns:context="http://www.springframework.org/schema/context"
	xsi:schemaLocation="http://www.springframework.org/schema/beans http://www.springframework.org/schema/beans/spring-beans-3.2.xsd
		http://www.springframework.org/schema/context http://www.springframework.org/schema/context/spring-context-3.2.xsd
		http://www.springframework.org/schema/tx http://www.springframework.org/schema/tx/spring-tx-3.2.xsd">

	<!-- step 1 : annotation-config -->
	<context:annotation-config />

	<!-- step 2 : context:component-scan -->
	<context:component-scan base-package="com.capgemini.sessionschedulemanagementsystem" />

	<!-- step 3 : PersistenceAnnotationBeanPostProcessor -->
	<!-- This bean is required to load ORM persistence and related annotations -->
	<bean
		class="org.springframework.orm.jpa.support.PersistenceAnnotationBeanPostProcessor" />

	<!-- step 4 : SpringDataSource -->
	<!-- This bean will hold references to our database -->
	<bean id="dataSource"
		class="org.springframework.jdbc.datasource.DriverManagerDataSource">
		<property name="driverClassName" value="oracle.jdbc.driver.OracleDriver" />
		<property name="url" value="jdbc:oracle:thin:@localhost:1521:xe" />
		<property name="username" value="system" />
		<property name="password" value="oracle" />
	</bean>

	<!-- Spring way of entity manager factory configuration -->
	<!-- step 5 : entityManagerFactory -->
	<bean id="entityManagerFactory"
		class="org.springframework.orm.jpa.LocalContainerEntityManagerFactoryBean">
		<property name="dataSource" ref="dataSource" />
		<property name="packagesToScan"
			value="com.capgemini.sessionschedulemanagementsystem.bean" />
		<property name="persistenceProviderClass"
			value="org.hibernate.jpa.HibernatePersistenceProvider" />
		<property name="jpaPropertyMap">
			<map>
				<entry key="hibernate.dialect" value="org.hibernate.dialect.Oracle10gDialect" />
				<entry key="hibernate.hbm2ddl.auto" value="update" />
			</map>
		</property>
	</bean>

	<!-- step 6 : transactionManager -->
	<!-- This bean will handle all transaction within an application -->
	<bean id="transactionManager" class="org.springframework.orm.jpa.JpaTransactionManager">
		<property name="entityManagerFactory" ref="entityManagerFactory" />
	</bean>

	<!-- step 7 : tx:annotation-driven -->
	<!-- This is required to handle transactions via Annotations like @Transactional -->
	<tx:annotation-driven transaction-manager="transactionManager" />


</beans>