<?xml version="1.0" encoding="UTF-8"?>
<beans xmlns="http://www.springframework.org/schema/beans"
	xmlns:xsi="http://www.w3.org/2001/XMLSchema-instance" 
	xmlns:context="http://www.springframework.org/schema/context"
	xmlns:mvc="http://www.springframework.org/schema/mvc" 
	xmlns:tx="http://www.springframework.org/schema/tx"
	xsi:schemaLocation="http://www.springframework.org/schema/beans
	http://www.springframework.org/schema/beans/spring-beans.xsd
	http://www.springframework.org/schema/context
	http://www.springframework.org/schema/context/spring-context.xsd 
	http://www.springframework.org/schema/mvc 
	http://www.springframework.org/schema/mvc/spring-mvc.xsd
	http://www.springframework.org/schema/tx 
	http://www.springframework.org/schema/tx/spring-tx-3.2.xsd">
     <mvc:annotation-driven />
     <context:component-scan base-package="com.capgemini"></context:component-scan>
     <bean class="org.springframework.web.servlet.view.InternalResourceViewResolver">
     	<property name="prefix" value="/"></property>
     	<property name="suffix" value=".jsp"></property>
     </bean>
     <bean id="dataSource2" class="org.springframework.jdbc.datasource.DriverManagerDataSource">
  <property name="driverClassName" value="oracle.jdbc.driver.OracleDriver" /> 
  <property name="url" value="jdbc:oracle:thin:@localhost:1521" /> 
  <property name="username" value="system" /> 
  <property name="password" value="oracle" /> 
  </bean>
  <tx:annotation-driven transaction-manager="transactionManager" /> 
 <bean id="transactionManager" class="org.springframework.orm.jpa.JpaTransactionManager">
  <property name="entityManagerFactory" ref="entityManagerFactory" /> 
  </bean>
  <bean class="org.springframework.orm.jpa.support.PersistenceAnnotationBeanPostProcessor" /> 
 <bean id="entityManagerFactory" class="org.springframework.orm.jpa.LocalContainerEntityManagerFactoryBean">
  <property name="dataSource" ref="dataSource2" /> 
  <property name="packagesToScan" value="com.capgemini.bean" /> 
  <property name="persistenceProviderClass" value="org.hibernate.jpa.HibernatePersistenceProvider" /> 
 <property name="jpaPropertyMap">
<map>
  <entry key="hibernate.dialect" value="org.hibernate.dialect.OracleDialect" /> 
  <entry key="hibernate.hbm2ddl.auto" value="update" /> 
  </map>
  </property>
  </bean>
  </beans>